{
	"info": {
		"_postman_id": "ef365870-a16c-40b0-a4e5-d80e3a3fb871",
		"name": "LMS",
		"schema": "https://schema.getpostman.com/json/collection/v2.1.0/collection.json",
		"_exporter_id": "39278198"
	},
	"item": [
		{
			"name": "get all data",
			"protocolProfileBehavior": {
				"disableBodyPruning": true
			},
			"request": {
				"method": "GET",
				"header": [],
				"body": {
					"mode": "urlencoded",
					"urlencoded": []
				},
				"url": {
					"raw": "http://localhost:8080/catalogue",
					"protocol": "http",
					"host": [
						"localhost"
					],
					"port": "8080",
					"path": [
						"catalogue"
					]
				}
			},
			"response": []
		},
		{
			"name": "delete data",
			"request": {
				"method": "DELETE",
				"header": [],
				"url": {
					"raw": "http://localhost:8080/catalogue/C0009",
					"protocol": "http",
					"host": [
						"localhost"
					],
					"port": "8080",
					"path": [
						"catalogue",
						"C0009"
					]
				}
			},
			"response": []
		},
		{
			"name": "find data",
			"request": {
				"method": "GET",
				"header": [],
				"url": {
					"raw": "http://localhost:8080/catalogue/C0001",
					"protocol": "http",
					"host": [
						"localhost"
					],
					"port": "8080",
					"path": [
						"catalogue",
						"C0001"
					]
				}
			},
			"response": []
		},
		{
			"name": "count data",
			"request": {
				"method": "GET",
				"header": [],
				"url": {
					"raw": "http://localhost:8080/catalogue/count",
					"protocol": "http",
					"host": [
						"localhost"
					],
					"port": "8080",
					"path": [
						"catalogue",
						"count"
					]
				}
			},
			"response": []
		},
		{
			"name": "update data",
			"request": {
				"method": "PUT",
				"header": [],
				"body": {
					"mode": "raw",
					"raw": "{\r\n    \"title\": \"The Catcher\",\r\n    \"author\": \"J.D. Salinger\",\r\n    \"genre\": \"Architecture\",\r\n    \"isbn\": \"98472946373\",\r\n    \"availability\": \"UnAvailable\"\r\n}",
					"options": {
						"raw": {
							"language": "json"
						}
					}
				},
				"url": {
					"raw": "http://localhost:8080/catalogue/C0003",
					"protocol": "http",
					"host": [
						"localhost"
					],
					"port": "8080",
					"path": [
						"catalogue",
						"C0003"
					]
				}
			},
			"response": []
		},
		{
			"name": "add data",
			"request": {
				"method": "POST",
				"header": [],
				"body": {
					"mode": "raw",
					"raw": "{\r\n    \"title\": \"Moby Dick\",\r\n    \"author\": \"Herman Melville\",\r\n    \"genre\": \"Arts & recreation\",\r\n    \"isbn\": \"123456789\",\r\n    \"availability\": \"Available\"\r\n}",
					"options": {
						"raw": {
							"language": "json"
						}
					}
				},
				"url": {
					"raw": "http://localhost:8080/catalogue",
					"protocol": "http",
					"host": [
						"localhost"
					],
					"port": "8080",
					"path": [
						"catalogue"
					]
				}
			},
			"response": []
		}
	]
}