{
  "hash": "01e6fef5",
  "configHash": "82e7f031",
  "lockfileHash": "7d0de35e",
  "browserHash": "2578aae3",
  "optimized": {
    "@angular/common": {
      "src": "../../../../../../node_modules/@angular/common/fesm2022/common.mjs",
      "file": "@angular_common.js",
      "fileHash": "a962d5e0",
      "needsInterop": false
    },
    "@angular/common/http": {
      "src": "../../../../../../node_modules/@angular/common/fesm2022/http.mjs",
      "file": "@angular_common_http.js",
      "fileHash": "0ed2b974",
      "needsInterop": false
    },
    "@angular/core": {
      "src": "../../../../../../node_modules/@angular/core/fesm2022/core.mjs",
      "file": "@angular_core.js",
      "fileHash": "082c1464",
      "needsInterop": false
    },
    "@angular/forms": {
      "src": "../../../../../../node_modules/@angular/forms/fesm2022/forms.mjs",
      "file": "@angular_forms.js",
      "fileHash": "d13347e5",
      "needsInterop": false
    },
    "@angular/platform-browser": {
      "src": "../../../../../../node_modules/@angular/platform-browser/fesm2022/platform-browser.mjs",
      "file": "@angular_platform-browser.js",
      "fileHash": "b5b40c45",
      "needsInterop": false
    },
    "@angular/platform-browser/animations/async": {
      "src": "../../../../../../node_modules/@angular/platform-browser/fesm2022/animations/async.mjs",
      "file": "@angular_platform-browser_animations_async.js",
      "fileHash": "843bb945",
      "needsInterop": false
    },
    "@angular/router": {
      "src": "../../../../../../node_modules/@angular/router/fesm2022/router.mjs",
      "file": "@angular_router.js",
      "fileHash": "ae979914",
      "needsInterop": false
    },
    "sweetalert2": {
      "src": "../../../../../../node_modules/sweetalert2/src/sweetalert2.js",
      "file": "sweetalert2.js",
      "fileHash": "ee8a1b49",
      "needsInterop": false
    }
  },
  "chunks": {
    "browser-46XTSH4Y": {
      "file": "browser-46XTSH4Y.js"
    },
    "chunk-QR6Z2SDH": {
      "file": "chunk-QR6Z2SDH.js"
    },
    "chunk-NTIJPCBN": {
      "file": "chunk-NTIJPCBN.js"
    },
    "chunk-MEL7IIRX": {
      "file": "chunk-MEL7IIRX.js"
    },
    "chunk-IWBBJREU": {
      "file": "chunk-IWBBJREU.js"
    },
    "chunk-XWLXMCJQ": {
      "file": "chunk-XWLXMCJQ.js"
    }
  }
}